{"VectorRanker_MMR_0.3": {"map": 0.03669321302281138, "ndcg": 0.2984821100743656, "map_scores": [0, 0, 0.013157894736842105, 0, 0.041666666666666664, 0.01282051282051282, 0.008695652173913044, 0, 1.0, 0, 0, 0, 0, 0, 0, 0, 0.028571428571428574, 0, 0.034482758620689655, 0, 0, 0, 0, 0.08333333333333333, 0, 0, 0.023809523809523808, 0, 0, 0, 0, 0, 0, 0, 0, 0.1111111111111111, 0], "ndcg_scores": [0.6542932618260382, 0.3399328571803777, 0.2600739059964355, 0.2, 0.3522506110165194, 0.337860627355747, 0.3277461487338076, 0.24200941368810464, 0.725334316951393, 0.22291600038707068, 0.22328753654806685, 0.3321210897820781, 0.21377475042229155, 0.22218761881363944, 0.21046232895954964, 0.37160712127113926, 0.31073085369640907, 0.22218761881363944, 0.3522506110165194, 0.27554566468111313, 0.21046232895954964, 0.20480585756649175, 0.25363265374461585, 0.39764002152639394, 0.2885077481188204, 0.2904900893813596, 0.29240294919884285, 0.2, 0.21927450192845827, 0.23864564223538529, 0.3259456866780717, 0.25369394843835597, 0.3359912940830566, 0.21377475042229155, 0.3330221449401186, 0.37520136796748166, 0.21377475042229155]}, "VectorRanker_MMR_0.5": {"map": 0.040080507074805975, "ndcg": 0.30804939590270364, "map_scores": [0, 0, 0.02819548872180451, 0, 0.041666666666666664, 0.018518518518518517, 0.008695652173913044, 0, 1.0, 0, 0, 0, 0, 0, 0, 0, 0.028571428571428574, 0, 0.07608100711548987, 0, 0, 0, 0, 0.08333333333333333, 0.03125, 0, 0.05555555555555555, 0, 0, 0, 0, 0, 0, 0, 0, 0.1111111111111111, 0], "ndcg_scores": [0.6542932618260382, 0.3399328571803777, 0.31493526939454064, 0.2, 0.3522506110165194, 0.37650974923973046, 0.33058065054168095, 0.30012763586843794, 0.707472174367521, 0.22944928813745744, 0.22328753654806685, 0.3321210897820781, 0.21377475042229155, 0.22218761881363944, 0.21046232895954964, 0.37160712127113926, 0.31073085369640907, 0.22218761881363944, 0.5120546971281228, 0.27554566468111313, 0.21046232895954964, 0.20480585756649175, 0.25363265374461585, 0.39764002152639394, 0.35651544067112045, 0.2904900893813596, 0.3405094327547519, 0.2, 0.21927450192845827, 0.23864564223538529, 0.3259456866780717, 0.25369394843835597, 0.27092825307494156, 0.21377475042229155, 0.3330221449401186, 0.37520136796748166, 0.21377475042229155]}, "VectorRanker_MMR_0.7": {"map": 0.04726699501353583, "ndcg": 0.3182302731028848, "map_scores": [0, 0, 0.010526315789473684, 0, 0.041666666666666664, 0.021367521367521364, 0.008695652173913044, 0, 1.0, 0, 0, 0, 0, 0, 0, 0, 0, 0, 0.09211822660098523, 0, 0.052941176470588235, 0.005847953216374269, 0, 0.016666666666666666, 0.0625, 0, 0.15, 0, 0, 0.015384615384615385, 0, 0, 0, 0.009259259259259259, 0.15079365079365079, 0.1111111111111111, 0], "ndcg_scores": [0.6542932618260382, 0.3399328571803777, 0.25206625200209803, 0.2, 0.3522506110165194, 0.3718037027334757, 0.31418795826238954, 0.2727144812762409, 0.6292898815507909, 0.23806265275412988, 0.22328753654806685, 0.3321210897820781, 0.21377475042229155, 0.22218761881363944, 0.21046232895954964, 0.37160712127113926, 0.26369304135782423, 0.22218761881363944, 0.5476778529143648, 0.2549039548487315, 0.42242808278505883, 0.25398969778364666, 0.25363265374461585, 0.27750879351951435, 0.34719780888177965, 0.2904900893813596, 0.4805525569688808, 0.2, 0.21927450192845827, 0.31688653377455606, 0.3259456866780717, 0.25369394843835597, 0.27092825307494156, 0.26511245771329817, 0.5213983494110412, 0.37520136796748166, 0.21377475042229155]}, "bm25_base": {"map": 0.04391315973201281, "ndcg": 0.33207116801551484, "map_scores": [0, 0.3333333333333333, 0, 0, 0, 0.010073260073260074, 0, 0.03333333333333333, 0, 0.007142857142857143, 0, 0, 0, 0, 0.05, 0, 0, 0, 0.0896551724137931, 0, 0.052941176470588235, 0.005263157894736842, 0, 0.05416666666666667, 0, 0, 0.27777777777777773, 0.009711286089238845, 0.14583333333333331, 0, 0, 0, 0.3333333333333333, 0.05555555555555555, 0, 0.16666666666666666, 0], "ndcg_scores": [0.5496815684917951, 0.4623844574234953, 0.20231816153401244, 0.2, 0.2, 0.3800608630982888, 0.2761253055082597, 0.3371522261757077, 0.31344884258108696, 0.35225061101651944, 0.22328753654806685, 0.3321210897820781, 0.21377475042229155, 0.25861015144844435, 0.34611856155376675, 0.37160712127113926, 0.29686966149776006, 0.22218761881363944, 0.4712102179036317, 0.22218761881363944, 0.5015052001260404, 0.2517391686791724, 0.25363265374461585, 0.3347984374535185, 0.2514784425445526, 0.2904900893813596, 0.48799833810291204, 0.46585110037856325, 0.4915148162678005, 0.23864564223538529, 0.3259456866780717, 0.3019752717645223, 0.4771732134364318, 0.37940530722129584, 0.3330221449401186, 0.45628658931377497, 0.21377475042229155]}, "hw2_l2r": {"map": 0.07022555505643227, "ndcg": 0.3437513365850394, "map_scores": [0, 0.14285714285714285, 0, 0.009615384615384616, 0.041666666666666664, 0.005128205128205128, 0, 0.16666666666666666, 1.0, 0, 0.125, 0, 0, 0, 0, 0, 0, 0, 0.08374384236453201, 0, 0.08431372549019607, 0.02631578947368421, 0, 0, 0, 0, 0.26666666666666666, 0.0007874015748031497, 0.013888888888888888, 0.008547008547008546, 0, 0.020833333333333332, 0.037037037037037035, 0.06527777777777778, 0.38888888888888884, 0.1111111111111111, 0], "ndcg_scores": [0.6156841983878621, 0.4090659735575512, 0.20231816153401244, 0.27612530550825976, 0.3522506110165194, 0.2585245085273712, 0.21472464406872874, 0.3801822178347179, 0.5725444010095295, 0.30014016563069884, 0.3932658559071498, 0.3321210897820781, 0.21377475042229155, 0.22218761881363944, 0.21046232895954964, 0.4020653272100948, 0.24940464878744825, 0.22218761881363944, 0.607410466143333, 0.22218761881363944, 0.5545023794432364, 0.3607149423377949, 0.25363265374461585, 0.22577108972438142, 0.2514784425445526, 0.2904900893813596, 0.6337732175549228, 0.234374000580606, 0.2719329668507526, 0.29595605940650954, 0.3259456866780717, 0.3019752717645223, 0.3359912940830566, 0.3630490753702677, 0.7464858747541753, 0.37520136796748166, 0.24089753073203976]}, "hw3_l2r": {"map": 0.05909318650370725, "ndcg": 0.33339505523411694, "map_scores": [0, 0.14285714285714285, 0, 0.007692307692307693, 0.041666666666666664, 0.02564102564102564, 0.008695652173913044, 0, 1.0, 0, 0, 0, 0, 0, 0.05, 0, 0, 0.009523809523809523, 0.10344827586206896, 0, 0.08235294117647059, 0.007518796992481203, 0, 0.016666666666666666, 0.08333333333333333, 0, 0.16666666666666666, 0, 0, 0.015384615384615385, 0, 0, 0, 0.013888888888888888, 0.3, 0.1111111111111111, 0], "ndcg_scores": [0.6542932618260382, 0.4090659735575512, 0.20231816153401244, 0.2655707691171656, 0.3522506110165194, 0.3259728485176931, 0.31418795826238954, 0.33412461645251357, 0.49240925935130425, 0.22711638094283604, 0.22328753654806685, 0.3321210897820781, 0.21377475042229155, 0.22218761881363944, 0.38273480688955747, 0.37160712127113926, 0.24940464878744825, 0.26737454965763163, 0.6019209042364427, 0.2549039548487315, 0.5128655621672619, 0.26034179409746383, 0.25363265374461585, 0.27750879351951435, 0.372262834974878, 0.2904900893813596, 0.49269173818727263, 0.2, 0.21927450192845827, 0.31688653377455606, 0.3259456866780717, 0.25369394843835597, 0.30197121283661027, 0.2767298926392826, 0.6957188610698023, 0.37520136796748166, 0.21377475042229155]}, "hw4_l2r": {"map": 0.06590148924507287, "ndcg": 0.33724257324688867, "map_scores": [0, 0.1111111111111111, 0, 0, 0.041666666666666664, 0.004273504273504273, 0.008695652173913044, 0.05714285714285714, 1.0, 0, 0, 0, 0.02, 0.0125, 0, 0, 0, 0.009523809523809523, 0.1264367816091954, 0, 0.14215686274509803, 0.007518796992481203, 0, 0, 0.125, 0, 0.27777777777777773, 0, 0.013888888888888888, 0.015384615384615385, 0, 0, 0, 0.020833333333333332, 0.3333333333333333, 0.1111111111111111, 0],